First Name,Last Name,Street,Zip,City,Type,Last Check-In Date,Job,Phone,Company
Federico,García,Recogidas Street,188sad05,Granada,U,14/01/2018,Dentist,958 419182,Badger Maps
Ángel,Ganivet,Puerta Real Avenue,18805,Granawdada,U,06/02/2018,Salesman,917891232,Badger Maps
,,,,,,,,,
André,Citröen,Gran Via Road,18805,Granada,D,1/3/2018,Postman,971 659 123,Badger Maps
Anselmo,Ortega,King St,DE1 3LD,Alwasdmería,A,12/11/2017,Policeman,9ad33 12 41 59,Wood SA
Anselmo,Ortega,King St,DE1 3LD,Almería,A,12/11/2017,PolDiAWDASceman,933 12 41 59,Wooawasdawd SA
Bjorn,Ostberg,"27, Queen St",DE1 3LD,Almería,U,24/04/2018,Actor,93 1 31 21 29,Wood SASASA
Bjorn,Ostberg,"27, Queen St",DE1 3LD,Almería,U,24/04/2018,Actor,93 1 31 21 29,Wawdaood SASASA
Markus,Dupont,"102, Fake Street",18005,Granada,A,,Musician,912234223,Fabric SA
Jake,Robins,Street Road,,Granada,D,11/03/2018,Assistant,1111111111,Fabric SASA
Lola,Rivers,,18005,Granada,A,21/02/2018,CEO,958963229,Fabric SA
Lola,Rivers,ajdpawod,18005,Granada,A,21/02/2018,CEO,958963229,Fabric SA
Paul,Hudson,Leicester Square,18005,Granada,D,24/01/2018,Salesman,953912345,Fabric SA
Paul,Hudson,Leicester Square,18005,Granada,D,24/01/2018,Sale452sman,954353912345,Fab23ric SA
Adnil,,My Street,12345,Granada,D,24/01/2020,Artist,953912345,art Gall453ery 9